{
	"schemaVersion": 1,
	"id": "tutorialmod",
	"version": "${version}",
	"name": "Tutorial Mod",
	"description": "This is an example description! Tell everyone what your mod is about!",
	"authors": [
		"ImWolfer"
	],
	"contact": {
		"homepage": "https://fabricmc.net/",
		"sources": "https://github.com/FabricMC/fabric-example-mod"
	},
	"license": "CC0-1.0",
	"icon": "assets/tutorialmod/icon.png",
	"environment": "*",
	"entrypoints": {
		"main": [
			"net.wolfertamer.tutorialmod.TutorialMod"
		],
		"fabric-datagen": [
			"net.wolfertamer.tutorialmod.TutorialModDataGenerator"
		],
		"client": [
			"net.wolfertamer.tutorialmod.TutorialModClient"
		]
	},
	"mixins": [
		"tutorial-mod.mixins.json"
	],
	"depends": {
		"fabricloader": ">=0.16.14",
		"minecraft": "~1.21.1",
		"java": ">=21",
		"fabric-api": "*"
	},
	"suggests": {
		"another-mod": "*"
	}
}